Altitude_km,Triangle_1_K,Triangle_2_K,Triangle_3_K,Triangle_4_K,Triangle_5_K,Triangle_6_K,Triangle_7_K,Triangle_8_K,Triangle_9_K,Triangle_10_K,Triangle_11_K,Triangle_12_K,Mean_Temperature_K
75,1950.7,729.089,1926.25,672.942,300.0,695.744,300.0,714.086,741.913,779.517,666.144,730.113,850.5414999999999
80,1593.01,549.751,1589.65,620.449,300.0,533.844,300.0,590.412,590.415,587.425,558.887,565.823,698.3055
85,1369.27,452.863,1297.35,459.311,300.0,447.236,300.0,453.175,468.894,441.062,377.043,434.727,566.74425
90,1085.85,377.352,1063.78,343.23,300.0,333.772,300.0,347.965,349.969,321.304,333.742,345.372,458.528
95,893.583,275.65,842.506,289.646,300.0,350.97,300.0,297.734,309.682,316.916,297.695,296.417,397.5665833333333
100,727.833,236.837,710.917,244.817,300.0,271.412,300.0,234.228,241.892,211.82,259.761,229.72,330.76975
